41 of Our Best Sweet Potato Recipes,
Our 18 Best Mashed Potato Recipes,
I'm So Done With Mashed Potatoes. What's the Alternative?,
Our 55 Best Tomato Recipes,"All our favorite ways to eat fresh ripe tomatoes, from sauces to salads."
"<a href=""/recipes/food/views/irish-brown-bread-109216"" data-reactid=""110"">Irish Brown Bread</a>",Active time: 15 min Start to finish: 2 hr (includes cooling)
The Best Chef's Knives Money Can Buy,Knives are intimidating. We did the heavy slicing for you and found an affordable kitchen workhorse that will last.
The Best Chef's Knives Money Can Buy,Knives are intimidating. We did the heavy slicing for you and found an affordable kitchen workhorse that will last.
article,The Best Chef's Knives Money Can Buy
article,12 Products We’re Picking Up at the Container Store’s Big Kitchen Sale
article,The Best Chef's Knives Money Can Buy
recipe,Slow Cooker Ribollita
Irish Brown Bread,Active time: 15 min Start to finish: 2 hr (includes cooling)
The Best Chef's Knives for the Money,"How do you slice through all the noise and hone in on the perfect chef's knife? Test every one you can get your hands on, of course. (Don't worry—we did it for you.)"
